{"RuleTriggered": 1, "Violations": 1, "Details": {"pin_memory": false, "num_workers": 0, "cores": 4, "dataloaders": 1, "dataloading_time": {"p25": 0.6583760000000001, "p50": 0.986424, "p95": 8.408339, "probs": [5, 0, 0, 0, 1, 0, 0, 0, 0, 0, 0, 0, 0, 0, 0, 0, 0, 0, 0, 0, 0, 0, 1, 0, 0, 0, 0, 0, 0, 0, 0, 0, 0, 0, 0, 0, 0, 0, 0, 0, 0, 0, 0, 0, 0, 0, 0, 0, 0, 0, 0, 0, 0, 0, 0, 0, 0, 0, 0, 0, 0, 0, 0, 0, 0, 0, 0, 0, 0, 1, 0, 0, 0, 0, 0, 0, 0, 0, 0, 0, 0, 0, 0, 0, 0, 0, 0, 1, 0, 0, 0, 0, 0, 0, 0, 0, 0, 0, 0, 2], "binedges": [0.636793, 0.71450846, 0.7922239200000001, 0.86993938, 0.94765484, 1.0253703, 1.10308576, 1.1808012200000002, 1.25851668, 1.33623214, 1.4139476000000002, 1.49166306, 1.5693785199999999, 1.6470939800000002, 1.72480944, 1.8025248999999999, 1.8802403600000002, 1.95795582, 2.03567128, 2.11338674, 2.1911022, 2.26881766, 2.34653312, 2.42424858, 2.50196404, 2.5796795, 2.65739496, 2.73511042, 2.81282588, 2.89054134, 2.9682568, 3.04597226, 3.12368772, 3.20140318, 3.27911864, 3.3568341, 3.43454956, 3.51226502, 3.58998048, 3.6676959399999998, 3.7454114, 3.82312686, 3.9008423199999998, 3.97855778, 4.05627324, 4.1339887, 4.21170416, 4.28941962, 4.36713508, 4.44485054, 4.522566, 4.600281460000001, 4.67799692, 4.75571238, 4.83342784, 4.9111433, 4.98885876, 5.06657422, 5.14428968, 5.22200514, 5.2997206, 5.37743606, 5.45515152, 5.53286698, 5.61058244, 5.6882979, 5.76601336, 5.84372882, 5.92144428, 5.99915974, 6.0768752, 6.15459066, 6.23230612, 6.31002158, 6.38773704, 6.4654525, 6.54316796, 6.62088342, 6.69859888, 6.77631434, 6.8540298, 6.93174526, 7.00946072, 7.08717618, 7.16489164, 7.2426071, 7.32032256, 7.3980380199999995, 7.47575348, 7.55346894, 7.6311843999999995, 7.70889986, 7.78661532, 7.8643307799999995, 7.94204624, 8.0197617, 8.09747716, 8.17519262, 8.252908080000001, 8.330623540000001, 8.408339]}}, "Datapoints": 11, "RuleParameters": "min_threshold:70\nmax_threshold:200"}