{"RuleTriggered": 0, "Violations": 277, "Details": {"low_gpu_utilization": 1349, "bottlenecks": {"1658329163.002485": {"GPUs": 1, "CPUs": 1}, "1658329177.002612": {"GPUs": 1, "CPUs": 1}, "1658329179.00243": {"GPUs": 1, "CPUs": 1}, "1658329185.507554": {"GPUs": 1, "CPUs": 1}, "1658329186.502522": {"GPUs": 1, "CPUs": 1}, "1658329188.50243": {"GPUs": 1, "CPUs": 2}, "1658329193.00247": {"GPUs": 1, "CPUs": 1}, "1658329194.502515": {"GPUs": 1, "CPUs": 2}, "1658329202.502503": {"GPUs": 1, "CPUs": 1}, "1658329204.502462": {"GPUs": 1, "CPUs": 1}, "1658329212.002412": {"GPUs": 1, "CPUs": 2}, "1658329212.502482": {"GPUs": 1, "CPUs": 2}, "1658329213.002464": {"GPUs": 1, "CPUs": 1}, "1658329242.002419": {"GPUs": 1, "CPUs": 1}, "1658329242.502454": {"GPUs": 1, "CPUs": 2}, "1658329243.002495": {"GPUs": 1, "CPUs": 1}, "1658329243.502483": {"GPUs": 1, "CPUs": 2}, "1658329244.502479": {"GPUs": 1, "CPUs": 2}, "1658329245.002784": {"GPUs": 1, "CPUs": 2}, "1658329245.502468": {"GPUs": 1, "CPUs": 2}, "1658329246.002495": {"GPUs": 1, "CPUs": 2}, "1658329246.502438": {"GPUs": 1, "CPUs": 2}, "1658329247.00246": {"GPUs": 1, "CPUs": 2}, "1658329247.50241": {"GPUs": 1, "CPUs": 3}, "1658329248.002518": {"GPUs": 1, "CPUs": 1}, "1658329248.502469": {"GPUs": 1, "CPUs": 1}, "1658329249.003963": {"GPUs": 1, "CPUs": 1}, "1658329249.502511": {"GPUs": 1, "CPUs": 2}, "1658329250.004173": {"GPUs": 1, "CPUs": 1}, "1658329251.002487": {"GPUs": 1, "CPUs": 2}, "1658329251.502674": {"GPUs": 1, "CPUs": 1}, "1658329252.002485": {"GPUs": 1, "CPUs": 1}, "1658329252.50247": {"GPUs": 1, "CPUs": 1}, "1658329253.002455": {"GPUs": 1, "CPUs": 2}, "1658329253.502451": {"GPUs": 1, "CPUs": 2}, "1658329254.002437": {"GPUs": 1, "CPUs": 1}, "1658329254.502632": {"GPUs": 1, "CPUs": 1}, "1658329255.002652": {"GPUs": 1, "CPUs": 2}, "1658329255.50247": {"GPUs": 1, "CPUs": 1}, "1658329256.506053": {"GPUs": 1, "CPUs": 1}, "1658329297.50254": {"GPUs": 1, "CPUs": 1}, "1658329311.002447": {"GPUs": 1, "CPUs": 2}, "1658329313.502435": {"GPUs": 1, "CPUs": 1}, "1658329314.002456": {"GPUs": 1, "CPUs": 1}, "1658329314.506656": {"GPUs": 1, "CPUs": 2}, "1658329317.003454": {"GPUs": 1, "CPUs": 1}, "1658329317.502439": {"GPUs": 1, "CPUs": 2}, "1658329318.506646": {"GPUs": 1, "CPUs": 2}, "1658329319.002429": {"GPUs": 1, "CPUs": 2}, "1658329319.502433": {"GPUs": 1, "CPUs": 2}, "1658329320.002491": {"GPUs": 1, "CPUs": 1}, "1658329320.503304": {"GPUs": 1, "CPUs": 2}, "1658329321.00248": {"GPUs": 1, "CPUs": 1}, "1658329321.504565": {"GPUs": 1, "CPUs": 2}, "1658329322.002487": {"GPUs": 1, "CPUs": 1}, "1658329322.502489": {"GPUs": 1, "CPUs": 2}, "1658329323.002445": {"GPUs": 1, "CPUs": 3}, "1658329326.502419": {"GPUs": 1, "CPUs": 1}, "1658329327.007884": {"GPUs": 1, "CPUs": 2}, "1658329329.00245": {"GPUs": 1, "CPUs": 1}, "1658329329.502433": {"GPUs": 1, "CPUs": 1}, "1658329330.002465": {"GPUs": 1, "CPUs": 2}, "1658329330.502481": {"GPUs": 1, "CPUs": 2}, "1658329331.002475": {"GPUs": 1, "CPUs": 1}, "1658329331.502456": {"GPUs": 1, "CPUs": 2}, "1658329332.002445": {"GPUs": 1, "CPUs": 2}, "1658329332.502482": {"GPUs": 1, "CPUs": 2}, "1658329334.502467": {"GPUs": 1, "CPUs": 1}, "1658329335.002501": {"GPUs": 1, "CPUs": 1}, "1658329335.502435": {"GPUs": 1, "CPUs": 2}, "1658329336.002488": {"GPUs": 1, "CPUs": 2}, "1658329336.502458": {"GPUs": 1, "CPUs": 3}, "1658329337.002436": {"GPUs": 1, "CPUs": 3}, "1658329337.502497": {"GPUs": 1, "CPUs": 2}, "1658329338.002434": {"GPUs": 1, "CPUs": 2}, "1658329338.502514": {"GPUs": 1, "CPUs": 2}, "1658329339.002425": {"GPUs": 1, "CPUs": 2}, "1658329339.502498": {"GPUs": 1, "CPUs": 1}, "1658329340.00245": {"GPUs": 1, "CPUs": 2}, "1658329340.502496": {"GPUs": 1, "CPUs": 3}, "1658329341.002439": {"GPUs": 1, "CPUs": 2}, "1658329341.502418": {"GPUs": 1, "CPUs": 3}, "1658329350.002529": {"GPUs": 1, "CPUs": 1}, "1658329350.502452": {"GPUs": 1, "CPUs": 2}, "1658329351.002444": {"GPUs": 1, "CPUs": 1}, "1658329351.50246": {"GPUs": 1, "CPUs": 1}, "1658329352.00246": {"GPUs": 1, "CPUs": 1}, "1658329352.502435": {"GPUs": 1, "CPUs": 1}, "1658329353.002453": {"GPUs": 1, "CPUs": 2}, "1658329353.502426": {"GPUs": 1, "CPUs": 1}, "1658329367.502446": {"GPUs": 1, "CPUs": 3}, "1658329368.002463": {"GPUs": 1, "CPUs": 3}, "1658329368.502421": {"GPUs": 1, "CPUs": 2}, "1658329369.002451": {"GPUs": 1, "CPUs": 2}, "1658329369.502431": {"GPUs": 1, "CPUs": 3}, "1658329370.002451": {"GPUs": 1, "CPUs": 3}, "1658329370.502414": {"GPUs": 1, "CPUs": 3}, "1658329371.002514": {"GPUs": 1, "CPUs": 2}, "1658329381.502711": {"GPUs": 1, "CPUs": 2}, "1658329382.502465": {"GPUs": 1, "CPUs": 3}, "1658329383.002461": {"GPUs": 1, "CPUs": 2}, "1658329383.502458": {"GPUs": 1, "CPUs": 2}, "1658329384.002482": {"GPUs": 1, "CPUs": 3}, "1658329384.502432": {"GPUs": 1, "CPUs": 3}, "1658329385.002517": {"GPUs": 1, "CPUs": 2}, "1658329385.50249": {"GPUs": 1, "CPUs": 1}, "1658329386.00246": {"GPUs": 1, "CPUs": 2}, "1658329386.502427": {"GPUs": 1, "CPUs": 2}, "1658329387.002421": {"GPUs": 1, "CPUs": 2}, "1658329387.502427": {"GPUs": 1, "CPUs": 2}, "1658329388.002435": {"GPUs": 1, "CPUs": 1}, "1658329388.502484": {"GPUs": 1, "CPUs": 2}, "1658329389.00247": {"GPUs": 1, "CPUs": 2}, "1658329389.502438": {"GPUs": 1, "CPUs": 2}, "1658329390.002476": {"GPUs": 1, "CPUs": 2}, "1658329390.502435": {"GPUs": 1, "CPUs": 2}, "1658329391.002442": {"GPUs": 1, "CPUs": 2}, "1658329391.502436": {"GPUs": 1, "CPUs": 2}, "1658329392.002473": {"GPUs": 1, "CPUs": 2}, "1658329392.502437": {"GPUs": 1, "CPUs": 2}, "1658329407.002424": {"GPUs": 1, "CPUs": 2}, "1658329407.502426": {"GPUs": 1, "CPUs": 1}, "1658329408.002481": {"GPUs": 1, "CPUs": 1}, "1658329408.502443": {"GPUs": 1, "CPUs": 2}, "1658329409.502451": {"GPUs": 1, "CPUs": 2}, "1658329410.002449": {"GPUs": 1, "CPUs": 2}, "1658329410.502456": {"GPUs": 1, "CPUs": 3}, "1658329411.002423": {"GPUs": 1, "CPUs": 2}, "1658329411.502465": {"GPUs": 1, "CPUs": 2}, "1658329412.002449": {"GPUs": 1, "CPUs": 2}, "1658329412.502442": {"GPUs": 1, "CPUs": 3}, "1658329413.002478": {"GPUs": 1, "CPUs": 3}, "1658329413.50245": {"GPUs": 1, "CPUs": 2}, "1658329414.00249": {"GPUs": 1, "CPUs": 2}, "1658329414.502443": {"GPUs": 1, "CPUs": 3}, "1658329420.002412": {"GPUs": 1, "CPUs": 2}, "1658329420.502473": {"GPUs": 1, "CPUs": 2}, "1658329449.002427": {"GPUs": 1, "CPUs": 2}, "1658329449.502444": {"GPUs": 1, "CPUs": 2}, "1658329450.003124": {"GPUs": 1, "CPUs": 2}, "1658329450.502434": {"GPUs": 1, "CPUs": 2}, "1658329451.002453": {"GPUs": 1, "CPUs": 1}, "1658329451.502445": {"GPUs": 1, "CPUs": 1}, "1658329452.002462": {"GPUs": 1, "CPUs": 2}, "1658329452.503204": {"GPUs": 1, "CPUs": 2}, "1658329453.0031": {"GPUs": 1, "CPUs": 2}, "1658329453.502423": {"GPUs": 1, "CPUs": 2}, "1658329454.00247": {"GPUs": 1, "CPUs": 2}, "1658329454.50242": {"GPUs": 1, "CPUs": 3}, "1658329455.002411": {"GPUs": 1, "CPUs": 2}, "1658329455.502527": {"GPUs": 1, "CPUs": 2}, "1658329456.002504": {"GPUs": 1, "CPUs": 2}, "1658329456.502437": {"GPUs": 1, "CPUs": 2}, "1658329457.002478": {"GPUs": 1, "CPUs": 2}, "1658329457.502438": {"GPUs": 1, "CPUs": 2}, "1658329458.002439": {"GPUs": 1, "CPUs": 2}, "1658329458.502481": {"GPUs": 1, "CPUs": 2}, "1658329459.002417": {"GPUs": 1, "CPUs": 2}, "1658329459.502447": {"GPUs": 1, "CPUs": 3}, "1658329460.002436": {"GPUs": 1, "CPUs": 2}, "1658329460.502425": {"GPUs": 1, "CPUs": 3}, "1658329461.002419": {"GPUs": 1, "CPUs": 2}, "1658329461.502475": {"GPUs": 1, "CPUs": 2}, "1658329462.002449": {"GPUs": 1, "CPUs": 2}, "1658329462.502494": {"GPUs": 1, "CPUs": 2}, "1658329463.002406": {"GPUs": 1, "CPUs": 2}, "1658329463.502501": {"GPUs": 1, "CPUs": 2}, "1658329464.002447": {"GPUs": 1, "CPUs": 3}, "1658329464.502456": {"GPUs": 1, "CPUs": 2}, "1658329465.002442": {"GPUs": 1, "CPUs": 2}, "1658329465.502418": {"GPUs": 1, "CPUs": 2}, "1658329466.002404": {"GPUs": 1, "CPUs": 2}, "1658329466.502485": {"GPUs": 1, "CPUs": 1}, "1658329467.002486": {"GPUs": 1, "CPUs": 3}, "1658329467.502486": {"GPUs": 1, "CPUs": 2}, "1658329479.002456": {"GPUs": 1, "CPUs": 1},