{"RuleTriggered": 0, "Violations": 0, "Details": {"ratio": {"gpu_functions-dev:0": 53.51409501055606, "cpu_functions": 46.48590498944394}, "phase": {"Step:ModeKeys.TRAIN": 20.198207483393162, "others": 63.49661318351934, "Step:ModeKeys.EVAL": 16.30517933308751}, "phase_time": {}, "CPU": {"aten::conv2d": 12.18280307793668, "aten::convolution": 11.945506715184154, "aten::_convolution": 11.895565304446071, "aten::cudnn_convolution": 11.860960426927768, "aten::to": 5.169672524260548, "aten::copy_": 5.502431508541489, "enumerate(DataLoader)#_SingleProcessDataLoaderIter.__next__": 41.44306044270329}, "CPU_total": {"aten::conv2d": 10851024, "aten::convolution": 10639668, "aten::_convolution": 10595186, "aten::cudnn_convolution": 10564364, "aten::to": 4604543, "aten::copy_": 4900926, "enumerate(DataLoader)#_SingleProcessDataLoaderIter.__next__": 36912658}, "GPU": {"aten::conv2d": 14.943481343547804, "aten::convolution": 14.93977892985997, "aten::_convolution": 14.93654639436188, "aten::cudnn_convolution": 14.93159852041208, "aten::to": 3.926321967612089, "aten::copy_": 4.170066089122211, "enumerate(DataLoader)#_SingleProcessDataLoaderIter.__next__": 32.15220675508396}, "GPU_total": {"aten::conv2d": 15837836, "aten::convolution": 15833912, "aten::_convolution": 15830486, "aten::cudnn_convolution": 15825242, "aten::to": 4161309, "aten::copy_": 4419641, "enumerate(DataLoader)#_SingleProcessDataLoaderIter.__next__": 34076489}, "general": {"DataLoaderIterInitialize": 0.0010856772961591072, "DataLoaderIter": 11.729892308850745, "Forward": 88.26902201385309}}, "Datapoints": 0, "RuleParameters": ""}