{"RuleTriggered": 0, "Violations": 0, "Details": {"step_details": {"algo-1-26": {"step_stats": {"mean": 0.1366499111111111, "max": 30.760905, "p99": 2.03184936, "p95": 0.0495262, "p50": 0.042368, "min": 0.028579}, "number_of_outliers": 4, "phase": "Step:ModeKeys.TRAIN", "stddev": 1.34, "probs": [1095, 16, 0, 0, 0, 0, 0, 0, 0, 0, 0, 0, 0, 0, 0, 0, 0, 0, 0, 0, 0, 0, 0, 0, 0, 0, 0, 0, 0, 0, 0, 0, 0, 0, 0, 0, 0, 0, 1, 0, 0, 0, 0, 0, 0, 0, 0, 0, 0, 0, 0, 0, 0, 0, 0, 0, 0, 0, 0, 0, 0, 0, 0, 0, 0, 0, 0, 0, 0, 0, 0, 0, 0, 0, 0, 0, 0, 0, 0, 0, 0, 0, 0, 0, 1, 1, 1, 3, 2, 0, 0, 0, 0, 0, 0, 0, 0, 0, 0, 1], "binedges": [0.028579, 0.05202987, 0.07548073999999999, 0.09893161, 0.12238247999999999, 0.14583335, 0.16928421999999999, 0.19273508999999997, 0.21618595999999998, 0.23963683, 0.2630877, 0.28653857, 0.30998944, 0.33344031, 0.35689118, 0.38034205, 0.40379292, 0.42724379, 0.45069466, 0.47414553, 0.4975964, 0.52104727, 0.54449814, 0.56794901, 0.59139988, 0.61485075, 0.63830162, 0.66175249, 0.6852033599999999, 0.7086542299999999, 0.7321051, 0.75555597, 0.77900684, 0.80245771, 0.82590858, 0.84935945, 0.87281032, 0.8962611899999999, 0.9197120599999999, 0.94316293, 0.9666138, 0.99006467, 1.01351554, 1.0369664099999998, 1.0604172799999998, 1.0838681499999998, 1.1073190199999998, 1.1307698899999998, 1.1542207599999998, 1.1776716299999999, 1.2011224999999999, 1.2245733699999999, 1.24802424, 1.27147511, 1.29492598, 1.31837685, 1.3418277199999997, 1.3652785899999997, 1.3887294599999997, 1.4121803299999998, 1.4356311999999998, 1.4590820699999998, 1.4825329399999998, 1.5059838099999998, 1.5294346799999998, 1.5528855499999998, 1.5763364199999998, 1.5997872899999999, 1.6232381599999999, 1.6466890299999999, 1.6701399, 1.69359077, 1.71704164, 1.7404925099999997, 1.7639433799999997, 1.7873942499999997, 1.8108451199999998, 1.8342959899999998, 1.8577468599999998, 1.8811977299999998, 1.9046485999999998, 1.9280994699999998, 1.9515503399999998, 1.9750012099999998, 1.9984520799999999, 2.02190295, 2.04535382, 2.06880469, 2.09225556, 2.11570643, 2.1391573, 2.16260817, 2.18605904, 2.20950991, 2.23296078, 2.25641165, 2.27986252, 2.30331339, 2.32676426, 2.35021513, 2.373666], "step_numbers": ["0", "500", "1000", "1000"]}}}, "Datapoints": 1163, "RuleParameters": "threshold:3\nmode:None\nn_outliers:10\nstddev:3"}